                  epoch,             train/loss,  metrics/accuracy_top1,  metrics/accuracy_top5,               val/loss,                 lr/pg0,                 lr/pg1,                 lr/pg2
                      1,                 1.3379,                0.76154,                0.98462,                 2.0118,             0.00023772,             0.00023772,             0.00023772
                      2,                0.76332,                0.74286,                0.99341,                 2.0092,             0.00038153,             0.00038153,             0.00038153
                      3,                0.65778,                0.77692,                0.98901,                 1.9572,             0.00043109,             0.00043109,             0.00043109
                      4,                0.57289,                 0.8011,                0.99121,                 1.9426,             0.00028988,             0.00028988,             0.00028988
                      5,                0.52929,                0.82747,                0.99451,                 1.9078,             0.00028988,             0.00028988,             0.00028988
